endpoint,mode,metric,sigma,beta,bnn,null,delta
ndcg,formaldehyde,spearman_rho,total,1.5,0.6532517149935535,0.6268784620088229,0.02637325298473059
ndcg,formaldehyde,spearman_rho,epi_ale,0.0,0.6026083733073667,0.6268784620088229,-0.024270088701456194
ndcg,formaldehyde,spearman_rho,epi_only,1.5,0.5841081092974342,0.6268784620088229,-0.04277035271138874
ndcg,nearest,spearman_rho,total,0.5,0.6958173589917022,0.8213062697459093,-0.1254889107542071
ndcg,nearest,spearman_rho,epi_ale,1.0,0.6748968734787743,0.8213062697459093,-0.146409396267135
ndcg,nearest,spearman_rho,epi_only,0.5,0.660073047479429,0.8213062697459093,-0.1612332222664803
ndcg,avg_all,spearman_rho,total,1.0,0.7216580211738354,0.7195696213082767,0.0020883998655586433
ndcg,avg_all,spearman_rho,epi_ale,0.0,0.7087385911253251,0.7195696213082767,-0.010831030182951618
ndcg,avg_all,spearman_rho,epi_only,0.0,0.7194422794604285,0.7195696213082767,-0.0001273418478482391
ndcg,distance_weighted,spearman_rho,total,1.0,0.7214076286201112,0.7198627979264548,0.0015448306936564071
ndcg,distance_weighted,spearman_rho,epi_ale,0.0,0.7098487451183856,0.7198627979264548,-0.010014052808069218
ndcg,distance_weighted,spearman_rho,epi_only,1.0,0.7199836973160202,0.7198627979264548,0.0001208993895653876
ndcg,formaldehyde,ndcg,total,1.5,0.9043293363175033,0.9059871880312036,-0.0016578517137002535
ndcg,formaldehyde,ndcg,epi_ale,0.0,0.8798212282470523,0.9059871880312036,-0.02616595978415126
ndcg,formaldehyde,ndcg,epi_only,1.5,0.8886308286780885,0.9059871880312036,-0.01735635935311508
ndcg,nearest,ndcg,total,0.5,0.9182543768926622,0.8063717547222073,0.11188262217045486
ndcg,nearest,ndcg,epi_ale,1.0,0.9130287344351627,0.8063717547222073,0.1066569797129554
ndcg,nearest,ndcg,epi_only,0.5,0.8981243089150022,0.8063717547222073,0.09175255419279482
ndcg,avg_all,ndcg,total,1.0,0.9442599164818916,0.9427119798414071,0.0015479366404844708
ndcg,avg_all,ndcg,epi_ale,0.0,0.9386812735927581,0.9427119798414071,-0.004030706248648985
ndcg,avg_all,ndcg,epi_only,0.0,0.94023000259019,0.9427119798414071,-0.0024819772512171268
ndcg,distance_weighted,ndcg,total,1.0,0.9440524486356633,0.9425646397228137,0.0014878089128496086
ndcg,distance_weighted,ndcg,epi_ale,0.0,0.9393376618713715,0.9425646397228137,-0.0032269778514422143
ndcg,distance_weighted,ndcg,epi_only,1.0,0.924938500187258,0.9425646397228137,-0.017626139535555696
ndcg,formaldehyde,top1_recovery,total,1.5,0.4,0.4,0.0
ndcg,formaldehyde,top1_recovery,epi_ale,0.0,0.0,0.4,-0.4
ndcg,formaldehyde,top1_recovery,epi_only,1.5,0.2,0.4,-0.2
ndcg,nearest,top1_recovery,total,0.5,0.16666666666666666,0.0,0.16666666666666666
ndcg,nearest,top1_recovery,epi_ale,1.0,0.16666666666666666,0.0,0.16666666666666666
ndcg,nearest,top1_recovery,epi_only,0.5,0.3333333333333333,0.0,0.3333333333333333
ndcg,avg_all,top1_recovery,total,1.0,0.3333333333333333,0.5,-0.16666666666666669
ndcg,avg_all,top1_recovery,epi_ale,0.0,0.3333333333333333,0.5,-0.16666666666666669
ndcg,avg_all,top1_recovery,epi_only,0.0,0.6666666666666666,0.5,0.16666666666666663
ndcg,distance_weighted,top1_recovery,total,1.0,0.3333333333333333,0.5,-0.16666666666666669
ndcg,distance_weighted,top1_recovery,epi_ale,0.0,0.3333333333333333,0.5,-0.16666666666666669
ndcg,distance_weighted,top1_recovery,epi_only,1.0,0.3333333333333333,0.5,-0.16666666666666669
ndcg,formaldehyde,top3_recovery,total,1.5,0.7333333333333332,0.5333333333333333,0.19999999999999984
ndcg,formaldehyde,top3_recovery,epi_ale,0.0,0.5333333333333333,0.5333333333333333,0.0
ndcg,formaldehyde,top3_recovery,epi_only,1.5,0.4,0.5333333333333333,-0.1333333333333333
ndcg,nearest,top3_recovery,total,0.5,0.611111111111111,0.38888888888888884,0.2222222222222222
ndcg,nearest,top3_recovery,epi_ale,1.0,0.4444444444444444,0.38888888888888884,0.05555555555555558
ndcg,nearest,top3_recovery,epi_only,0.5,0.4444444444444444,0.38888888888888884,0.05555555555555558
ndcg,avg_all,top3_recovery,total,1.0,0.7222222222222222,0.7777777777777777,-0.05555555555555547
ndcg,avg_all,top3_recovery,epi_ale,0.0,0.49999999999999994,0.7777777777777777,-0.27777777777777773
ndcg,avg_all,top3_recovery,epi_only,0.0,0.6111111111111112,0.7777777777777777,-0.16666666666666652
ndcg,distance_weighted,top3_recovery,total,1.0,0.7222222222222222,0.7777777777777777,-0.05555555555555547
ndcg,distance_weighted,top3_recovery,epi_ale,0.0,0.49999999999999994,0.7777777777777777,-0.27777777777777773
ndcg,distance_weighted,top3_recovery,epi_only,1.0,0.5555555555555556,0.7777777777777777,-0.2222222222222221
ndcg,formaldehyde,top5_recovery,total,1.5,0.48,0.52,-0.040000000000000036
ndcg,formaldehyde,top5_recovery,epi_ale,0.0,0.44000000000000006,0.52,-0.07999999999999996
ndcg,formaldehyde,top5_recovery,epi_only,1.5,0.4,0.52,-0.12
ndcg,nearest,top5_recovery,total,0.5,0.43333333333333335,0.30000000000000004,0.1333333333333333
ndcg,nearest,top5_recovery,epi_ale,1.0,0.3666666666666667,0.30000000000000004,0.06666666666666665
ndcg,nearest,top5_recovery,epi_only,0.5,0.36666666666666664,0.30000000000000004,0.0666666666666666
ndcg,avg_all,top5_recovery,total,1.0,0.5333333333333333,0.6333333333333333,-0.09999999999999998
ndcg,avg_all,top5_recovery,epi_ale,0.0,0.5000000000000001,0.6333333333333333,-0.1333333333333332
ndcg,avg_all,top5_recovery,epi_only,0.0,0.5333333333333333,0.6333333333333333,-0.09999999999999998
ndcg,distance_weighted,top5_recovery,total,1.0,0.5333333333333333,0.6333333333333333,-0.09999999999999998
ndcg,distance_weighted,top5_recovery,epi_ale,0.0,0.5000000000000001,0.6333333333333333,-0.1333333333333332
ndcg,distance_weighted,top5_recovery,epi_only,1.0,0.5,0.6333333333333333,-0.1333333333333333
ndcg,formaldehyde,per_position_spearman_mean,total,1.5,0.5425268637126536,0.5540951483740868,-0.011568284661433226
ndcg,formaldehyde,per_position_spearman_mean,epi_ale,0.0,0.5221463763654999,0.5540951483740868,-0.03194877200858692
ndcg,formaldehyde,per_position_spearman_mean,epi_only,1.5,0.4788619748040722,0.5540951483740868,-0.07523317357001458
ndcg,nearest,per_position_spearman_mean,total,0.5,0.5663088713449446,0.7455772708173333,-0.1792683994723887
ndcg,nearest,per_position_spearman_mean,epi_ale,1.0,0.49874156299505,0.7455772708173333,-0.24683570782228326
ndcg,nearest,per_position_spearman_mean,epi_only,0.5,0.5007720828916632,0.7455772708173333,-0.24480518792567008
ndcg,avg_all,per_position_spearman_mean,total,1.0,0.5967765228847953,0.6674550547065513,-0.07067853182175599
ndcg,avg_all,per_position_spearman_mean,epi_ale,0.0,0.5661013679258932,0.6674550547065513,-0.10135368678065815
ndcg,avg_all,per_position_spearman_mean,epi_only,0.0,0.5928722250676858,0.6674550547065513,-0.07458282963886553
ndcg,distance_weighted,per_position_spearman_mean,total,1.0,0.5968573538590533,0.6666453820371024,-0.06978802817804919
ndcg,distance_weighted,per_position_spearman_mean,epi_ale,0.0,0.5685912954453775,0.6666453820371024,-0.09805408659172499
ndcg,distance_weighted,per_position_spearman_mean,epi_only,1.0,0.5955415777528013,0.6666453820371024,-0.07110380428430119
ndcg,formaldehyde,per_position_ndcg_mean,total,1.5,0.9295133830622921,0.9217857637776643,0.00772761928462784
ndcg,formaldehyde,per_position_ndcg_mean,epi_ale,0.0,0.9120556900642564,0.9217857637776643,-0.00973007371340795
ndcg,formaldehyde,per_position_ndcg_mean,epi_only,1.5,0.876370117137888,0.9217857637776643,-0.045415646639776264
ndcg,nearest,per_position_ndcg_mean,total,0.5,0.9446038274774238,0.7990898563105256,0.14551397116689813
ndcg,nearest,per_position_ndcg_mean,epi_ale,1.0,0.9208029696650525,0.7990898563105256,0.12171311335452684
ndcg,nearest,per_position_ndcg_mean,epi_only,0.5,0.8752515234276349,0.7990898563105256,0.07616166711710926
ndcg,avg_all,per_position_ndcg_mean,total,1.0,0.9634099796806392,0.9659171707845774,-0.0025071911039381556
ndcg,avg_all,per_position_ndcg_mean,epi_ale,0.0,0.9522699397335773,0.9659171707845774,-0.013647231051000075
ndcg,avg_all,per_position_ndcg_mean,epi_only,0.0,0.9592429939704927,0.9659171707845774,-0.006674176814084665
ndcg,distance_weighted,per_position_ndcg_mean,total,1.0,0.9635296872290519,0.9659725491825717,-0.002442861953519837
ndcg,distance_weighted,per_position_ndcg_mean,epi_ale,0.0,0.9567966602946655,0.9659725491825717,-0.009175888887906214
ndcg,distance_weighted,per_position_ndcg_mean,epi_only,1.0,0.9622261901686288,0.9659725491825717,-0.003746359013942935
ndcg,formaldehyde,per_position_top1_recovery,total,1.5,0.5,0.5,0.0
ndcg,formaldehyde,per_position_top1_recovery,epi_ale,0.0,0.5199999999999999,0.5,0.019999999999999907
ndcg,formaldehyde,per_position_top1_recovery,epi_only,1.5,0.4,0.5,-0.09999999999999998
ndcg,nearest,per_position_top1_recovery,total,0.5,0.4333333333333333,0.6166666666666667,-0.1833333333333334
ndcg,nearest,per_position_top1_recovery,epi_ale,1.0,0.4166666666666667,0.6166666666666667,-0.2
ndcg,nearest,per_position_top1_recovery,epi_only,0.5,0.30000000000000004,0.6166666666666667,-0.31666666666666665
ndcg,avg_all,per_position_top1_recovery,total,1.0,0.5333333333333332,0.6833333333333335,-0.15000000000000024
ndcg,avg_all,per_position_top1_recovery,epi_ale,0.0,0.5666666666666665,0.6833333333333335,-0.11666666666666692
ndcg,avg_all,per_position_top1_recovery,epi_only,0.0,0.5333333333333333,0.6833333333333335,-0.15000000000000013
ndcg,distance_weighted,per_position_top1_recovery,total,1.0,0.5333333333333333,0.6833333333333335,-0.15000000000000013
ndcg,distance_weighted,per_position_top1_recovery,epi_ale,0.0,0.5666666666666665,0.6833333333333335,-0.11666666666666692
ndcg,distance_weighted,per_position_top1_recovery,epi_only,1.0,0.4666666666666666,0.6833333333333335,-0.21666666666666684
ndcg,formaldehyde,per_position_top3_recovery_mean,total,1.5,0.48,0.4999999999999999,-0.019999999999999907
ndcg,formaldehyde,per_position_top3_recovery_mean,epi_ale,0.0,0.4733333333333333,0.4999999999999999,-0.026666666666666616
ndcg,formaldehyde,per_position_top3_recovery_mean,epi_only,1.5,0.4466666666666666,0.4999999999999999,-0.05333333333333329
ndcg,nearest,per_position_top3_recovery_mean,total,0.5,0.5277777777777778,0.6499999999999999,-0.12222222222222212
ndcg,nearest,per_position_top3_recovery_mean,epi_ale,1.0,0.4777777777777777,0.6499999999999999,-0.17222222222222222
ndcg,nearest,per_position_top3_recovery_mean,epi_only,0.5,0.5111111111111111,0.6499999999999999,-0.13888888888888884
ndcg,avg_all,per_position_top3_recovery_mean,total,1.0,0.5611111111111111,0.6,-0.03888888888888886
ndcg,avg_all,per_position_top3_recovery_mean,epi_ale,0.0,0.5277777777777778,0.6,-0.07222222222222219
ndcg,avg_all,per_position_top3_recovery_mean,epi_only,0.0,0.5555555555555555,0.6,-0.04444444444444451
ndcg,distance_weighted,per_position_top3_recovery_mean,total,1.0,0.5611111111111111,0.5944444444444444,-0.033333333333333326
ndcg,distance_weighted,per_position_top3_recovery_mean,epi_ale,0.0,0.5444444444444444,0.5944444444444444,-0.050000000000000044
ndcg,distance_weighted,per_position_top3_recovery_mean,epi_only,1.0,0.5777777777777777,0.5944444444444444,-0.01666666666666672
ndcg,formaldehyde,per_position_top5_recovery_mean,total,1.5,0.484,0.524,-0.040000000000000036
ndcg,formaldehyde,per_position_top5_recovery_mean,epi_ale,0.0,0.5,0.524,-0.02400000000000002
ndcg,formaldehyde,per_position_top5_recovery_mean,epi_only,1.5,0.4960000000000001,0.524,-0.027999999999999914
ndcg,nearest,per_position_top5_recovery_mean,total,0.5,0.5233333333333333,0.7133333333333334,-0.19000000000000006
ndcg,nearest,per_position_top5_recovery_mean,epi_ale,1.0,0.49666666666666676,0.7133333333333334,-0.21666666666666662
ndcg,nearest,per_position_top5_recovery_mean,epi_only,0.5,0.49666666666666676,0.7133333333333334,-0.21666666666666662
ndcg,avg_all,per_position_top5_recovery_mean,total,1.0,0.5433333333333333,0.6133333333333332,-0.06999999999999984
ndcg,avg_all,per_position_top5_recovery_mean,epi_ale,0.0,0.52,0.6133333333333332,-0.09333333333333316
ndcg,avg_all,per_position_top5_recovery_mean,epi_only,0.0,0.5366666666666667,0.6133333333333332,-0.07666666666666644
ndcg,distance_weighted,per_position_top5_recovery_mean,total,1.0,0.55,0.61,-0.05999999999999994
ndcg,distance_weighted,per_position_top5_recovery_mean,epi_ale,0.0,0.52,0.61,-0.08999999999999997
ndcg,distance_weighted,per_position_top5_recovery_mean,epi_only,1.0,0.53,0.61,-0.07999999999999996
spearman_rho,formaldehyde,spearman_rho,total,0.0,0.6116830694421174,0.6268784620088229,-0.015195392566705546
spearman_rho,formaldehyde,spearman_rho,epi_ale,0.0,0.5909027867130117,0.6268784620088229,-0.03597567529581125
spearman_rho,formaldehyde,spearman_rho,epi_only,0.0,0.6262753387175228,0.6268784620088229,-0.0006031232913000784
spearman_rho,nearest,spearman_rho,total,0.0,0.5192905954186936,0.8213062697459093,-0.30201567432721566
spearman_rho,nearest,spearman_rho,epi_ale,1.0,0.7159270148075744,0.8213062697459093,-0.10537925493833489
spearman_rho,nearest,spearman_rho,epi_only,0.0,0.6899621404780284,0.8213062697459093,-0.13134412926788086
spearman_rho,avg_all,spearman_rho,total,2.0,0.5282205092803187,0.7195696213082767,-0.191349112027958
spearman_rho,avg_all,spearman_rho,epi_ale,0.0,0.7166990772483084,0.7195696213082767,-0.0028705440599683385
spearman_rho,avg_all,spearman_rho,epi_only,1.0,0.7183948593438484,0.7195696213082767,-0.0011747619644283391
spearman_rho,distance_weighted,spearman_rho,total,2.0,0.5282022013585196,0.7198627979264548,-0.19166059656793522
spearman_rho,distance_weighted,spearman_rho,epi_ale,0.0,0.7182774455181137,0.7198627979264548,-0.001585352408341123
spearman_rho,distance_weighted,spearman_rho,epi_only,0.5,0.718695693446138,0.7198627979264548,-0.0011671044803167607
spearman_rho,formaldehyde,ndcg,total,0.0,0.9045262312559306,0.9059871880312036,-0.0014609567752730257
spearman_rho,formaldehyde,ndcg,epi_ale,0.0,0.8057025690606162,0.9059871880312036,-0.10028461897058738
spearman_rho,formaldehyde,ndcg,epi_only,0.0,0.9059519825438975,0.9059871880312036,-3.5205487306066985e-05
spearman_rho,nearest,ndcg,total,0.0,0.7903440636840866,0.8063717547222073,-0.01602769103812074
spearman_rho,nearest,ndcg,epi_ale,1.0,0.9304246403880482,0.8063717547222073,0.12405288566584083
spearman_rho,nearest,ndcg,epi_only,0.0,0.7806369093070273,0.8063717547222073,-0.025734845415180008
spearman_rho,avg_all,ndcg,total,2.0,0.9163374193842361,0.9427119798414071,-0.026374560457171015
spearman_rho,avg_all,ndcg,epi_ale,0.0,0.9197107480931569,0.9427119798414071,-0.023001231748250195
spearman_rho,avg_all,ndcg,epi_only,1.0,0.942835436839906,0.9427119798414071,0.00012345699849891645
spearman_rho,distance_weighted,ndcg,total,2.0,0.9137257003275261,0.9425646397228137,-0.02883893939528759
spearman_rho,distance_weighted,ndcg,epi_ale,0.0,0.9191980240273652,0.9425646397228137,-0.02336661569544851
spearman_rho,distance_weighted,ndcg,epi_only,0.5,0.9427431810220704,0.9425646397228137,0.00017854129925676254
spearman_rho,formaldehyde,top1_recovery,total,0.0,0.4,0.4,0.0
spearman_rho,formaldehyde,top1_recovery,epi_ale,0.0,0.2,0.4,-0.2
spearman_rho,formaldehyde,top1_recovery,epi_only,0.0,0.4,0.4,0.0
spearman_rho,nearest,top1_recovery,total,0.0,0.0,0.0,0.0
spearman_rho,nearest,top1_recovery,epi_ale,1.0,0.3333333333333333,0.0,0.3333333333333333
spearman_rho,nearest,top1_recovery,epi_only,0.0,0.0,0.0,0.0
spearman_rho,avg_all,top1_recovery,total,2.0,0.3333333333333333,0.5,-0.16666666666666669
spearman_rho,avg_all,top1_recovery,epi_ale,0.0,0.3333333333333333,0.5,-0.16666666666666669
spearman_rho,avg_all,top1_recovery,epi_only,1.0,0.5,0.5,0.0
spearman_rho,distance_weighted,top1_recovery,total,2.0,0.3333333333333333,0.5,-0.16666666666666669
spearman_rho,distance_weighted,top1_recovery,epi_ale,0.0,0.3333333333333333,0.5,-0.16666666666666669
spearman_rho,distance_weighted,top1_recovery,epi_only,0.5,0.5,0.5,0.0
spearman_rho,formaldehyde,top3_recovery,total,0.0,0.5333333333333333,0.5333333333333333,0.0
spearman_rho,formaldehyde,top3_recovery,epi_ale,0.0,0.5333333333333333,0.5333333333333333,0.0
spearman_rho,formaldehyde,top3_recovery,epi_only,0.0,0.5333333333333333,0.5333333333333333,0.0
spearman_rho,nearest,top3_recovery,total,0.0,0.27777777777777773,0.38888888888888884,-0.1111111111111111
spearman_rho,nearest,top3_recovery,epi_ale,1.0,0.611111111111111,0.38888888888888884,0.2222222222222222
spearman_rho,nearest,top3_recovery,epi_only,0.0,0.27777777777777773,0.38888888888888884,-0.1111111111111111
spearman_rho,avg_all,top3_recovery,total,2.0,0.6666666666666666,0.7777777777777777,-0.11111111111111105
spearman_rho,avg_all,top3_recovery,epi_ale,0.0,0.611111111111111,0.7777777777777777,-0.16666666666666663
spearman_rho,avg_all,top3_recovery,epi_only,1.0,0.7777777777777777,0.7777777777777777,0.0
spearman_rho,distance_weighted,top3_recovery,total,2.0,0.6666666666666666,0.7777777777777777,-0.11111111111111105
spearman_rho,distance_weighted,top3_recovery,epi_ale,0.0,0.611111111111111,0.7777777777777777,-0.16666666666666663
spearman_rho,distance_weighted,top3_recovery,epi_only,0.5,0.7777777777777777,0.7777777777777777,0.0
spearman_rho,formaldehyde,top5_recovery,total,0.0,0.48,0.52,-0.040000000000000036
spearman_rho,formaldehyde,top5_recovery,epi_ale,0.0,0.4800000000000001,0.52,-0.039999999999999925
spearman_rho,formaldehyde,top5_recovery,epi_only,0.0,0.52,0.52,0.0
spearman_rho,nearest,top5_recovery,total,0.0,0.26666666666666666,0.30000000000000004,-0.03333333333333338
spearman_rho,nearest,top5_recovery,epi_ale,1.0,0.5000000000000001,0.30000000000000004,0.20000000000000007
spearman_rho,nearest,top5_recovery,epi_only,0.0,0.26666666666666666,0.30000000000000004,-0.03333333333333338
spearman_rho,avg_all,top5_recovery,total,2.0,0.5000000000000001,0.6333333333333333,-0.1333333333333332
spearman_rho,avg_all,top5_recovery,epi_ale,0.0,0.5,0.6333333333333333,-0.1333333333333333
spearman_rho,avg_all,top5_recovery,epi_only,1.0,0.6333333333333333,0.6333333333333333,0.0
spearman_rho,distance_weighted,top5_recovery,total,2.0,0.5000000000000001,0.6333333333333333,-0.1333333333333332
spearman_rho,distance_weighted,top5_recovery,epi_ale,0.0,0.5,0.6333333333333333,-0.1333333333333333
spearman_rho,distance_weighted,top5_recovery,epi_only,0.5,0.6333333333333333,0.6333333333333333,0.0
spearman_rho,formaldehyde,per_position_spearman_mean,total,0.0,0.4836600689753764,0.5540951483740868,-0.07043507939871041
spearman_rho,formaldehyde,per_position_spearman_mean,epi_ale,0.0,0.5035415734209089,0.5540951483740868,-0.050553574953177915
spearman_rho,formaldehyde,per_position_spearman_mean,epi_only,0.0,0.5418245722845594,0.5540951483740868,-0.012270576089527419
spearman_rho,nearest,per_position_spearman_mean,total,0.0,0.4333129314902766,0.7455772708173333,-0.31226433932705666
spearman_rho,nearest,per_position_spearman_mean,epi_ale,1.0,0.5614573350938966,0.7455772708173333,-0.18411993572343666
spearman_rho,nearest,per_position_spearman_mean,epi_only,0.0,0.655179057505542,0.7455772708173333,-0.09039821331179132
spearman_rho,avg_all,per_position_spearman_mean,total,2.0,0.46496591504959456,0.6674550547065513,-0.20248913965695675
spearman_rho,avg_all,per_position_spearman_mean,epi_ale,0.0,0.5822717785501008,0.6674550547065513,-0.0851832761564505
spearman_rho,avg_all,per_position_spearman_mean,epi_only,1.0,0.6418178296930172,0.6674550547065513,-0.02563722501353416
spearman_rho,distance_weighted,per_position_spearman_mean,total,2.0,0.4622305203246815,0.6666453820371024,-0.20441486171242096
spearman_rho,distance_weighted,per_position_spearman_mean,epi_ale,0.0,0.5838488726399441,0.6666453820371024,-0.08279650939715832
spearman_rho,distance_weighted,per_position_spearman_mean,epi_only,0.5,0.644182315330511,0.6666453820371024,-0.022463066706591484
spearman_rho,formaldehyde,per_position_ndcg_mean,total,0.0,0.9184375396025365,0.9217857637776643,-0.003348224175127812
spearman_rho,formaldehyde,per_position_ndcg_mean,epi_ale,0.0,0.8884546454244301,0.9217857637776643,-0.03333111835323421
spearman_rho,formaldehyde,per_position_ndcg_mean,epi_only,0.0,0.9217857637776643,0.9217857637776643,0.0
spearman_rho,nearest,per_position_ndcg_mean,total,0.0,0.7705741944309673,0.7990898563105256,-0.02851566187955834
spearman_rho,nearest,per_position_ndcg_mean,epi_ale,1.0,0.9596125019552876,0.7990898563105256,0.16052264564476193
spearman_rho,nearest,per_position_ndcg_mean,epi_only,0.0,0.7880837826500845,0.7990898563105256,-0.011006073660441151
spearman_rho,avg_all,per_position_ndcg_mean,total,2.0,0.9225808536179461,0.9659171707845774,-0.04333631716663133
spearman_rho,avg_all,per_position_ndcg_mean,epi_ale,0.0,0.9596841437654143,0.9659171707845774,-0.006233027019163062
spearman_rho,avg_all,per_position_ndcg_mean,epi_only,1.0,0.9653362930168011,0.9659171707845774,-0.0005808777677762667
spearman_rho,distance_weighted,per_position_ndcg_mean,total,2.0,0.9219177530083268,0.9659725491825717,-0.0440547961742449
spearman_rho,distance_weighted,per_position_ndcg_mean,epi_ale,0.0,0.9617153205179655,0.9659725491825717,-0.004257228664606205
spearman_rho,distance_weighted,per_position_ndcg_mean,epi_only,0.5,0.9651819877266127,0.9659725491825717,-0.0007905614559590157
spearman_rho,formaldehyde,per_position_top1_recovery,total,0.0,0.4600000000000001,0.5,-0.039999999999999925
spearman_rho,formaldehyde,per_position_top1_recovery,epi_ale,0.0,0.54,0.5,0.040000000000000036
spearman_rho,formaldehyde,per_position_top1_recovery,epi_only,0.0,0.5,0.5,0.0
spearman_rho,nearest,per_position_top1_recovery,total,0.0,0.5333333333333333,0.6166666666666667,-0.08333333333333337
spearman_rho,nearest,per_position_top1_recovery,epi_ale,1.0,0.65,0.6166666666666667,0.033333333333333326
spearman_rho,nearest,per_position_top1_recovery,epi_only,0.0,0.5499999999999999,0.6166666666666667,-0.06666666666666676
spearman_rho,avg_all,per_position_top1_recovery,total,2.0,0.5166666666666666,0.6833333333333335,-0.16666666666666685
spearman_rho,avg_all,per_position_top1_recovery,epi_ale,0.0,0.65,0.6833333333333335,-0.03333333333333344
spearman_rho,avg_all,per_position_top1_recovery,epi_only,1.0,0.6833333333333335,0.6833333333333335,0.0
spearman_rho,distance_weighted,per_position_top1_recovery,total,2.0,0.5166666666666666,0.6833333333333335,-0.16666666666666685
spearman_rho,distance_weighted,per_position_top1_recovery,epi_ale,0.0,0.65,0.6833333333333335,-0.03333333333333344
spearman_rho,distance_weighted,per_position_top1_recovery,epi_only,0.5,0.6833333333333335,0.6833333333333335,0.0
spearman_rho,formaldehyde,per_position_top3_recovery_mean,total,0.0,0.44666666666666666,0.4999999999999999,-0.05333333333333323
spearman_rho,formaldehyde,per_position_top3_recovery_mean,epi_ale,0.0,0.4733333333333333,0.4999999999999999,-0.026666666666666616
spearman_rho,formaldehyde,per_position_top3_recovery_mean,epi_only,0.0,0.4933333333333333,0.4999999999999999,-0.006666666666666599
spearman_rho,nearest,per_position_top3_recovery_mean,total,0.0,0.5,0.6499999999999999,-0.1499999999999999
spearman_rho,nearest,per_position_top3_recovery_mean,epi_ale,1.0,0.5555555555555556,0.6499999999999999,-0.09444444444444433
spearman_rho,nearest,per_position_top3_recovery_mean,epi_only,0.0,0.5444444444444443,0.6499999999999999,-0.10555555555555562
spearman_rho,avg_all,per_position_top3_recovery_mean,total,2.0,0.5444444444444444,0.6,-0.05555555555555558
spearman_rho,avg_all,per_position_top3_recovery_mean,epi_ale,0.0,0.5499999999999999,0.6,-0.050000000000000044
spearman_rho,avg_all,per_position_top3_recovery_mean,epi_only,1.0,0.5888888888888889,0.6,-0.011111111111111072
spearman_rho,distance_weighted,per_position_top3_recovery_mean,total,2.0,0.5388888888888889,0.5944444444444444,-0.05555555555555558
spearman_rho,distance_weighted,per_position_top3_recovery_mean,epi_ale,0.0,0.5499999999999999,0.5944444444444444,-0.04444444444444451
spearman_rho,distance_weighted,per_position_top3_recovery_mean,epi_only,0.5,0.5944444444444444,0.5944444444444444,0.0
spearman_rho,formaldehyde,per_position_top5_recovery_mean,total,0.0,0.45999999999999996,0.524,-0.06400000000000006
spearman_rho,formaldehyde,per_position_top5_recovery_mean,epi_ale,0.0,0.476,0.524,-0.04800000000000004
spearman_rho,formaldehyde,per_position_top5_recovery_mean,epi_only,0.0,0.52,0.524,-0.0040000000000000036
spearman_rho,nearest,per_position_top5_recovery_mean,total,0.0,0.5566666666666668,0.7133333333333334,-0.15666666666666662
spearman_rho,nearest,per_position_top5_recovery_mean,epi_ale,1.0,0.54,0.7133333333333334,-0.17333333333333334
spearman_rho,nearest,per_position_top5_recovery_mean,epi_only,0.0,0.6166666666666667,0.7133333333333334,-0.09666666666666668
spearman_rho,avg_all,per_position_top5_recovery_mean,total,2.0,0.5233333333333333,0.6133333333333332,-0.08999999999999986
spearman_rho,avg_all,per_position_top5_recovery_mean,epi_ale,0.0,0.5266666666666667,0.6133333333333332,-0.08666666666666645
spearman_rho,avg_all,per_position_top5_recovery_mean,epi_only,1.0,0.5933333333333334,0.6133333333333332,-0.019999999999999796
spearman_rho,distance_weighted,per_position_top5_recovery_mean,total,2.0,0.5199999999999999,0.61,-0.09000000000000008
spearman_rho,distance_weighted,per_position_top5_recovery_mean,epi_ale,0.0,0.52,0.61,-0.08999999999999997
spearman_rho,distance_weighted,per_position_top5_recovery_mean,epi_only,0.5,0.5933333333333334,0.61,-0.016666666666666607
top3_recovery,formaldehyde,spearman_rho,total,1.0,0.6267131157273641,0.6268784620088229,-0.00016534628145881136
top3_recovery,formaldehyde,spearman_rho,epi_ale,1.5,0.6203485330036039,0.6268784620088229,-0.006529929005218982
top3_recovery,formaldehyde,spearman_rho,epi_only,0.5,0.6156990331640103,0.6268784620088229,-0.0111794288448126
top3_recovery,nearest,spearman_rho,total,1.0,0.6667227246729798,0.8213062697459093,-0.15458354507292948
top3_recovery,nearest,spearman_rho,epi_ale,0.0,0.39892077479528476,0.8213062697459093,-0.4223854949506245
top3_recovery,nearest,spearman_rho,epi_only,0.0,0.33598829208251096,0.8213062697459093,-0.4853179776633983
top3_recovery,avg_all,spearman_rho,total,1.0,0.7161354243032302,0.7195696213082767,-0.0034341970050465465
top3_recovery,avg_all,spearman_rho,epi_ale,0.0,0.7140388588992038,0.7195696213082767,-0.005530762409072909
top3_recovery,avg_all,spearman_rho,epi_only,0.0,0.7135544564395278,0.7195696213082767,-0.006015164868748979
top3_recovery,distance_weighted,spearman_rho,total,1.5,0.7129584980118134,0.7198627979264548,-0.006904299914641365
top3_recovery,distance_weighted,spearman_rho,epi_ale,1.5,0.7049375413190649,0.7198627979264548,-0.014925256607389858
top3_recovery,distance_weighted,spearman_rho,epi_only,0.0,0.7135387796738383,0.7198627979264548,-0.006324018252616526
top3_recovery,formaldehyde,ndcg,total,1.0,0.8625583772131125,0.9059871880312036,-0.043428810818091135
top3_recovery,formaldehyde,ndcg,epi_ale,1.5,0.9143644732658895,0.9059871880312036,0.00837728523468595
top3_recovery,formaldehyde,ndcg,epi_only,0.5,0.8953772411582269,0.9059871880312036,-0.010609946872976672
top3_recovery,nearest,ndcg,total,1.0,0.9224740853035547,0.8063717547222073,0.11610233058134733
top3_recovery,nearest,ndcg,epi_ale,0.0,0.7609637691299954,0.8063717547222073,-0.04540798559221193
top3_recovery,nearest,ndcg,epi_only,0.0,0.7904089086451216,0.8063717547222073,-0.015962846077085757
top3_recovery,avg_all,ndcg,total,1.0,0.9426927168730458,0.9427119798414071,-1.9262968361299926e-05
top3_recovery,avg_all,ndcg,epi_ale,0.0,0.9435079984229287,0.9427119798414071,0.0007960185815215626
top3_recovery,avg_all,ndcg,epi_only,0.0,0.9412655763616199,0.9427119798414071,-0.001446403479787195
top3_recovery,distance_weighted,ndcg,total,1.5,0.9451111469878587,0.9425646397228137,0.002546507265045017
top3_recovery,distance_weighted,ndcg,epi_ale,1.5,0.9269318588229668,0.9425646397228137,-0.015632780899846876
top3_recovery,distance_weighted,ndcg,epi_only,0.0,0.9405385962055818,0.9425646397228137,-0.0020260435172319013
top3_recovery,formaldehyde,top1_recovery,total,1.0,0.2,0.4,-0.2
top3_recovery,formaldehyde,top1_recovery,epi_ale,1.5,0.4,0.4,0.0
top3_recovery,formaldehyde,top1_recovery,epi_only,0.5,0.4,0.4,0.0
top3_recovery,nearest,top1_recovery,total,1.0,0.16666666666666666,0.0,0.16666666666666666
top3_recovery,nearest,top1_recovery,epi_ale,0.0,0.0,0.0,0.0
top3_recovery,nearest,top1_recovery,epi_only,0.0,0.0,0.0,0.0
top3_recovery,avg_all,top1_recovery,total,1.0,0.3333333333333333,0.5,-0.16666666666666669
top3_recovery,avg_all,top1_recovery,epi_ale,0.0,0.16666666666666666,0.5,-0.33333333333333337
top3_recovery,avg_all,top1_recovery,epi_only,0.0,0.5,0.5,0.0
top3_recovery,distance_weighted,top1_recovery,total,1.5,0.3333333333333333,0.5,-0.16666666666666669
top3_recovery,distance_weighted,top1_recovery,epi_ale,1.5,0.3333333333333333,0.5,-0.16666666666666669
top3_recovery,distance_weighted,top1_recovery,epi_only,0.0,0.5,0.5,0.0
top3_recovery,formaldehyde,top3_recovery,total,1.0,0.5333333333333333,0.5333333333333333,0.0
top3_recovery,formaldehyde,top3_recovery,epi_ale,1.5,0.6666666666666666,0.5333333333333333,0.1333333333333333
top3_recovery,formaldehyde,top3_recovery,epi_only,0.5,0.5333333333333333,0.5333333333333333,0.0
top3_recovery,nearest,top3_recovery,total,1.0,0.4444444444444444,0.38888888888888884,0.05555555555555558
top3_recovery,nearest,top3_recovery,epi_ale,0.0,0.1111111111111111,0.38888888888888884,-0.27777777777777773
top3_recovery,nearest,top3_recovery,epi_only,0.0,0.27777777777777773,0.38888888888888884,-0.1111111111111111
top3_recovery,avg_all,top3_recovery,total,1.0,0.7777777777777777,0.7777777777777777,0.0
top3_recovery,avg_all,top3_recovery,epi_ale,0.0,0.8333333333333334,0.7777777777777777,0.05555555555555569
top3_recovery,avg_all,top3_recovery,epi_only,0.0,0.7777777777777777,0.7777777777777777,0.0
top3_recovery,distance_weighted,top3_recovery,total,1.5,0.8333333333333334,0.7777777777777777,0.05555555555555569
top3_recovery,distance_weighted,top3_recovery,epi_ale,1.5,0.7222222222222222,0.7777777777777777,-0.05555555555555547
top3_recovery,distance_weighted,top3_recovery,epi_only,0.0,0.7777777777777777,0.7777777777777777,0.0
top3_recovery,formaldehyde,top5_recovery,total,1.0,0.32,0.52,-0.2
top3_recovery,formaldehyde,top5_recovery,epi_ale,1.5,0.52,0.52,0.0
top3_recovery,formaldehyde,top5_recovery,epi_only,0.5,0.4,0.52,-0.12
top3_recovery,nearest,top5_recovery,total,1.0,0.39999999999999997,0.30000000000000004,0.09999999999999992
top3_recovery,nearest,top5_recovery,epi_ale,0.0,0.13333333333333333,0.30000000000000004,-0.1666666666666667
top3_recovery,nearest,top5_recovery,epi_only,0.0,0.26666666666666666,0.30000000000000004,-0.03333333333333338
top3_recovery,avg_all,top5_recovery,total,1.0,0.6333333333333334,0.6333333333333333,1.1102230246251565e-16
top3_recovery,avg_all,top5_recovery,epi_ale,0.0,0.6000000000000001,0.6333333333333333,-0.033333333333333215
top3_recovery,avg_all,top5_recovery,epi_only,0.0,0.6333333333333333,0.6333333333333333,0.0
top3_recovery,distance_weighted,top5_recovery,total,1.5,0.6333333333333334,0.6333333333333333,1.1102230246251565e-16
top3_recovery,distance_weighted,top5_recovery,epi_ale,1.5,0.5,0.6333333333333333,-0.1333333333333333
top3_recovery,distance_weighted,top5_recovery,epi_only,0.0,0.6333333333333333,0.6333333333333333,0.0
top3_recovery,formaldehyde,per_position_spearman_mean,total,1.0,0.5375894151091041,0.5540951483740868,-0.016505733264982725
top3_recovery,formaldehyde,per_position_spearman_mean,epi_ale,1.5,0.48901540319652803,0.5540951483740868,-0.06507974517755877
top3_recovery,formaldehyde,per_position_spearman_mean,epi_only,0.5,0.49751133210463533,0.5540951483740868,-0.05658381626945147
top3_recovery,nearest,per_position_spearman_mean,total,1.0,0.4819277763161421,0.7455772708173333,-0.2636494945011912
top3_recovery,nearest,per_position_spearman_mean,epi_ale,0.0,0.18521034771738357,0.7455772708173333,-0.5603669230999497
top3_recovery,nearest,per_position_spearman_mean,epi_only,0.0,0.30112353968053274,0.7455772708173333,-0.44445373113680053
top3_recovery,avg_all,per_position_spearman_mean,total,1.0,0.599178227176706,0.6674550547065513,-0.06827682752984532
top3_recovery,avg_all,per_position_spearman_mean,epi_ale,0.0,0.5900671624680611,0.6674550547065513,-0.07738789223849019
top3_recovery,avg_all,per_position_spearman_mean,epi_only,0.0,0.6130708166106574,0.6674550547065513,-0.05438423809589388
top3_recovery,distance_weighted,per_position_spearman_mean,total,1.5,0.5913615451208512,0.6666453820371024,-0.07528383691625129
top3_recovery,distance_weighted,per_position_spearman_mean,epi_ale,1.5,0.589026210206962,0.6666453820371024,-0.07761917183014044
top3_recovery,distance_weighted,per_position_spearman_mean,epi_only,0.0,0.6122137118038704,0.6666453820371024,-0.05443167023323203
top3_recovery,formaldehyde,per_position_ndcg_mean,total,1.0,0.8757093318098311,0.9217857637776643,-0.046076431967833176
top3_recovery,formaldehyde,per_position_ndcg_mean,epi_ale,1.5,0.9223680682875337,0.9217857637776643,0.0005823045098694024
top3_recovery,formaldehyde,per_position_ndcg_mean,epi_only,0.5,0.919473110358895,0.9217857637776643,-0.002312653418769295
top3_recovery,nearest,per_position_ndcg_mean,total,1.0,0.9353752802442695,0.7990898563105256,0.13628542393374388
top3_recovery,nearest,per_position_ndcg_mean,epi_ale,0.0,0.7172009019457587,0.7990898563105256,-0.08188895436476695
top3_recovery,nearest,per_position_ndcg_mean,epi_only,0.0,0.7738113478689116,0.7990898563105256,-0.025278508441614056
top3_recovery,avg_all,per_position_ndcg_mean,total,1.0,0.9667715310610229,0.9659171707845774,0.0008543602764454761
top3_recovery,avg_all,per_position_ndcg_mean,epi_ale,0.0,0.9624373071789054,0.9659171707845774,-0.0034798636056719845
top3_recovery,avg_all,per_position_ndcg_mean,epi_only,0.0,0.9658176506752025,0.9659171707845774,-9.952010937486211e-05
top3_recovery,distance_weighted,per_position_ndcg_mean,total,1.5,0.9619091003634702,0.9659725491825717,-0.004063448819101478
top3_recovery,distance_weighted,per_position_ndcg_mean,epi_ale,1.5,0.9594823546727599,0.9659725491825717,-0.0064901945098118086
top3_recovery,distance_weighted,per_position_ndcg_mean,epi_only,0.0,0.9650030966484294,0.9659725491825717,-0.0009694525341422677
top3_recovery,formaldehyde,per_position_top1_recovery,total,1.0,0.4999999999999999,0.5,-1.1102230246251565e-16
top3_recovery,formaldehyde,per_position_top1_recovery,epi_ale,1.5,0.48,0.5,-0.020000000000000018
top3_recovery,formaldehyde,per_position_top1_recovery,epi_only,0.5,0.48,0.5,-0.020000000000000018
top3_recovery,nearest,per_position_top1_recovery,total,1.0,0.3666666666666667,0.6166666666666667,-0.25
top3_recovery,nearest,per_position_top1_recovery,epi_ale,0.0,0.25,0.6166666666666667,-0.3666666666666667
top3_recovery,nearest,per_position_top1_recovery,epi_only,0.0,0.43333333333333335,0.6166666666666667,-0.18333333333333335
top3_recovery,avg_all,per_position_top1_recovery,total,1.0,0.6333333333333334,0.6833333333333335,-0.050000000000000044
top3_recovery,avg_all,per_position_top1_recovery,epi_ale,0.0,0.6833333333333335,0.6833333333333335,0.0
top3_recovery,avg_all,per_position_top1_recovery,epi_only,0.0,0.6666666666666666,0.6833333333333335,-0.01666666666666683
top3_recovery,distance_weighted,per_position_top1_recovery,total,1.5,0.65,0.6833333333333335,-0.03333333333333344
top3_recovery,distance_weighted,per_position_top1_recovery,epi_ale,1.5,0.65,0.6833333333333335,-0.03333333333333344
top3_recovery,distance_weighted,per_position_top1_recovery,epi_only,0.0,0.6666666666666666,0.6833333333333335,-0.01666666666666683
top3_recovery,formaldehyde,per_position_top3_recovery_mean,total,1.0,0.5533333333333332,0.4999999999999999,0.053333333333333344
top3_recovery,formaldehyde,per_position_top3_recovery_mean,epi_ale,1.5,0.45999999999999996,0.4999999999999999,-0.039999999999999925
top3_recovery,formaldehyde,per_position_top3_recovery_mean,epi_only,0.5,0.43999999999999995,0.4999999999999999,-0.05999999999999994
top3_recovery,nearest,per_position_top3_recovery_mean,total,1.0,0.4944444444444444,0.6499999999999999,-0.1555555555555555
top3_recovery,nearest,per_position_top3_recovery_mean,epi_ale,0.0,0.3333333333333333,0.6499999999999999,-0.3166666666666666
top3_recovery,nearest,per_position_top3_recovery_mean,epi_only,0.0,0.4166666666666666,0.6499999999999999,-0.23333333333333334
top3_recovery,avg_all,per_position_top3_recovery_mean,total,1.0,0.5333333333333333,0.6,-0.06666666666666665
top3_recovery,avg_all,per_position_top3_recovery_mean,epi_ale,0.0,0.5444444444444444,0.6,-0.05555555555555558
top3_recovery,avg_all,per_position_top3_recovery_mean,epi_only,0.0,0.5777777777777777,0.6,-0.022222222222222254
top3_recovery,distance_weighted,per_position_top3_recovery_mean,total,1.5,0.5333333333333332,0.5944444444444444,-0.06111111111111123
top3_recovery,distance_weighted,per_position_top3_recovery_mean,epi_ale,1.5,0.5388888888888889,0.5944444444444444,-0.05555555555555558
top3_recovery,distance_weighted,per_position_top3_recovery_mean,epi_only,0.0,0.561111111111111,0.5944444444444444,-0.03333333333333344
top3_recovery,formaldehyde,per_position_top5_recovery_mean,total,1.0,0.5479999999999999,0.524,0.02399999999999991
top3_recovery,formaldehyde,per_position_top5_recovery_mean,epi_ale,1.5,0.5,0.524,-0.02400000000000002
top3_recovery,formaldehyde,per_position_top5_recovery_mean,epi_only,0.5,0.46799999999999997,0.524,-0.05600000000000005
top3_recovery,nearest,per_position_top5_recovery_mean,total,1.0,0.49000000000000005,0.7133333333333334,-0.22333333333333333
top3_recovery,nearest,per_position_top5_recovery_mean,epi_ale,0.0,0.35333333333333333,0.7133333333333334,-0.36000000000000004
top3_recovery,nearest,per_position_top5_recovery_mean,epi_only,0.0,0.44333333333333336,0.7133333333333334,-0.27
top3_recovery,avg_all,per_position_top5_recovery_mean,total,1.0,0.5433333333333333,0.6133333333333332,-0.06999999999999984
top3_recovery,avg_all,per_position_top5_recovery_mean,epi_ale,0.0,0.5633333333333334,0.6133333333333332,-0.04999999999999982
top3_recovery,avg_all,per_position_top5_recovery_mean,epi_only,0.0,0.5666666666666667,0.6133333333333332,-0.04666666666666652
top3_recovery,distance_weighted,per_position_top5_recovery_mean,total,1.5,0.54,0.61,-0.06999999999999995
top3_recovery,distance_weighted,per_position_top5_recovery_mean,epi_ale,1.5,0.5533333333333333,0.61,-0.05666666666666664
top3_recovery,distance_weighted,per_position_top5_recovery_mean,epi_only,0.0,0.5633333333333334,0.61,-0.046666666666666634
per_position_ndcg_mean,formaldehyde,spearman_rho,total,0.0,0.6182972195571989,0.6268784620088229,-0.00858124245162406
per_position_ndcg_mean,formaldehyde,spearman_rho,epi_ale,1.5,0.5563979061029963,0.6268784620088229,-0.07048055590582658
per_position_ndcg_mean,formaldehyde,spearman_rho,epi_only,0.0,0.6195758181721766,0.6268784620088229,-0.007302643836646361
per_position_ndcg_mean,nearest,spearman_rho,total,1.0,0.2875889381543582,0.8213062697459093,-0.5337173315915511
per_position_ndcg_mean,nearest,spearman_rho,epi_ale,0.5,0.5735100065590624,0.8213062697459093,-0.2477962631868469
per_position_ndcg_mean,nearest,spearman_rho,epi_only,0.0,0.5247074514970752,0.8213062697459093,-0.29659881824883405
per_position_ndcg_mean,avg_all,spearman_rho,total,1.0,0.6119781813142816,0.7195696213082767,-0.10759143999399512
per_position_ndcg_mean,avg_all,spearman_rho,epi_ale,0.5,0.71075496572871,0.7195696213082767,-0.008814655579566733
per_position_ndcg_mean,avg_all,spearman_rho,epi_only,0.0,0.7092375833074117,0.7195696213082767,-0.010332038000865018
per_position_ndcg_mean,distance_weighted,spearman_rho,total,1.0,0.6117990634477427,0.7198627979264548,-0.10806373447871209
per_position_ndcg_mean,distance_weighted,spearman_rho,epi_ale,0.5,0.7091613306255645,0.7198627979264548,-0.010701467300890277
per_position_ndcg_mean,distance_weighted,spearman_rho,epi_only,0.0,0.709250374595454,0.7198627979264548,-0.010612423331000764
per_position_ndcg_mean,formaldehyde,ndcg,total,0.0,0.9059668900485317,0.9059871880312036,-2.0297982671890757e-05
per_position_ndcg_mean,formaldehyde,ndcg,epi_ale,1.5,0.9158553351027965,0.9059871880312036,0.009868147071592892
per_position_ndcg_mean,formaldehyde,ndcg,epi_only,0.0,0.900680350650904,0.9059871880312036,-0.005306837380299578
per_position_ndcg_mean,nearest,ndcg,total,1.0,0.7769027694327458,0.8063717547222073,-0.029468985289461513
per_position_ndcg_mean,nearest,ndcg,epi_ale,0.5,0.8058296420382715,0.8063717547222073,-0.0005421126839358914
per_position_ndcg_mean,nearest,ndcg,epi_only,0.0,0.779844498181661,0.8063717547222073,-0.02652725654054633
per_position_ndcg_mean,avg_all,ndcg,total,1.0,0.9150405123808435,0.9427119798414071,-0.027671467460563592
per_position_ndcg_mean,avg_all,ndcg,epi_ale,0.5,0.9532722660260887,0.9427119798414071,0.010560286184681633
per_position_ndcg_mean,avg_all,ndcg,epi_only,0.0,0.9475331270093198,0.9427119798414071,0.004821147167912709
per_position_ndcg_mean,distance_weighted,ndcg,total,1.0,0.9132486079455643,0.9425646397228137,-0.029316031777249396
per_position_ndcg_mean,distance_weighted,ndcg,epi_ale,0.5,0.9504431524341501,0.9425646397228137,0.007878512711336438
per_position_ndcg_mean,distance_weighted,ndcg,epi_only,0.0,0.9473558039549683,0.9425646397228137,0.004791164232154643
per_position_ndcg_mean,formaldehyde,top1_recovery,total,0.0,0.4,0.4,0.0
per_position_ndcg_mean,formaldehyde,top1_recovery,epi_ale,1.5,0.4,0.4,0.0
per_position_ndcg_mean,formaldehyde,top1_recovery,epi_only,0.0,0.6,0.4,0.19999999999999996
per_position_ndcg_mean,nearest,top1_recovery,total,1.0,0.0,0.0,0.0
per_position_ndcg_mean,nearest,top1_recovery,epi_ale,0.5,0.0,0.0,0.0
per_position_ndcg_mean,nearest,top1_recovery,epi_only,0.0,0.0,0.0,0.0
per_position_ndcg_mean,avg_all,top1_recovery,total,1.0,0.5,0.5,0.0
per_position_ndcg_mean,avg_all,top1_recovery,epi_ale,0.5,0.0,0.5,-0.5
per_position_ndcg_mean,avg_all,top1_recovery,epi_only,0.0,0.5,0.5,0.0
per_position_ndcg_mean,distance_weighted,top1_recovery,total,1.0,0.5,0.5,0.0
per_position_ndcg_mean,distance_weighted,top1_recovery,epi_ale,0.5,0.0,0.5,-0.5
per_position_ndcg_mean,distance_weighted,top1_recovery,epi_only,0.0,0.5,0.5,0.0
per_position_ndcg_mean,formaldehyde,top3_recovery,total,0.0,0.4666666666666666,0.5333333333333333,-0.06666666666666671
per_position_ndcg_mean,formaldehyde,top3_recovery,epi_ale,1.5,0.8666666666666666,0.5333333333333333,0.33333333333333326
per_position_ndcg_mean,formaldehyde,top3_recovery,epi_only,0.0,0.5333333333333333,0.5333333333333333,0.0
per_position_ndcg_mean,nearest,top3_recovery,total,1.0,0.27777777777777773,0.38888888888888884,-0.1111111111111111
per_position_ndcg_mean,nearest,top3_recovery,epi_ale,0.5,0.2222222222222222,0.38888888888888884,-0.16666666666666663
per_position_ndcg_mean,nearest,top3_recovery,epi_only,0.0,0.27777777777777773,0.38888888888888884,-0.1111111111111111
per_position_ndcg_mean,avg_all,top3_recovery,total,1.0,0.6666666666666666,0.7777777777777777,-0.11111111111111105
per_position_ndcg_mean,avg_all,top3_recovery,epi_ale,0.5,0.8333333333333334,0.7777777777777777,0.05555555555555569
per_position_ndcg_mean,avg_all,top3_recovery,epi_only,0.0,0.8333333333333334,0.7777777777777777,0.05555555555555569
per_position_ndcg_mean,distance_weighted,top3_recovery,total,1.0,0.6666666666666666,0.7777777777777777,-0.11111111111111105
per_position_ndcg_mean,distance_weighted,top3_recovery,epi_ale,0.5,0.8333333333333334,0.7777777777777777,0.05555555555555569
per_position_ndcg_mean,distance_weighted,top3_recovery,epi_only,0.0,0.8333333333333334,0.7777777777777777,0.05555555555555569
per_position_ndcg_mean,formaldehyde,top5_recovery,total,0.0,0.48,0.52,-0.040000000000000036
per_position_ndcg_mean,formaldehyde,top5_recovery,epi_ale,1.5,0.5599999999999999,0.52,0.039999999999999925
per_position_ndcg_mean,formaldehyde,top5_recovery,epi_only,0.0,0.56,0.52,0.040000000000000036
per_position_ndcg_mean,nearest,top5_recovery,total,1.0,0.26666666666666666,0.30000000000000004,-0.03333333333333338
per_position_ndcg_mean,nearest,top5_recovery,epi_ale,0.5,0.2333333333333333,0.30000000000000004,-0.06666666666666674
per_position_ndcg_mean,nearest,top5_recovery,epi_only,0.0,0.26666666666666666,0.30000000000000004,-0.03333333333333338
per_position_ndcg_mean,avg_all,top5_recovery,total,1.0,0.5333333333333333,0.6333333333333333,-0.09999999999999998
per_position_ndcg_mean,avg_all,top5_recovery,epi_ale,0.5,0.5666666666666668,0.6333333333333333,-0.06666666666666654
per_position_ndcg_mean,avg_all,top5_recovery,epi_only,0.0,0.6333333333333333,0.6333333333333333,0.0
per_position_ndcg_mean,distance_weighted,top5_recovery,total,1.0,0.5333333333333333,0.6333333333333333,-0.09999999999999998
per_position_ndcg_mean,distance_weighted,top5_recovery,epi_ale,0.5,0.5666666666666668,0.6333333333333333,-0.06666666666666654
per_position_ndcg_mean,distance_weighted,top5_recovery,epi_only,0.0,0.6333333333333333,0.6333333333333333,0.0
per_position_ndcg_mean,formaldehyde,per_position_spearman_mean,total,0.0,0.4987863619932623,0.5540951483740868,-0.05530878638082448
per_position_ndcg_mean,formaldehyde,per_position_spearman_mean,epi_ale,1.5,0.48463530852571984,0.5540951483740868,-0.06945983984836696
per_position_ndcg_mean,formaldehyde,per_position_spearman_mean,epi_only,0.0,0.5115959859423602,0.5540951483740868,-0.04249916243172658
per_position_ndcg_mean,nearest,per_position_spearman_mean,total,1.0,0.2008941668350562,0.7455772708173333,-0.544683103982277
per_position_ndcg_mean,nearest,per_position_spearman_mean,epi_ale,0.5,0.36577348747827276,0.7455772708173333,-0.3798037833390605
per_position_ndcg_mean,nearest,per_position_spearman_mean,epi_only,0.0,0.505066899120152,0.7455772708173333,-0.24051037169718126
per_position_ndcg_mean,avg_all,per_position_spearman_mean,total,1.0,0.5087125865037773,0.6674550547065513,-0.15874246820277405
per_position_ndcg_mean,avg_all,per_position_spearman_mean,epi_ale,0.5,0.5926811808620982,0.6674550547065513,-0.07477387384445311
per_position_ndcg_mean,avg_all,per_position_spearman_mean,epi_only,0.0,0.6169264257285011,0.6674550547065513,-0.050528628978050216
per_position_ndcg_mean,distance_weighted,per_position_spearman_mean,total,1.0,0.5105720435796569,0.6666453820371024,-0.15607333845744553
per_position_ndcg_mean,distance_weighted,per_position_spearman_mean,epi_ale,0.5,0.5923168663764308,0.6666453820371024,-0.07432851566067167
per_position_ndcg_mean,distance_weighted,per_position_spearman_mean,epi_only,0.0,0.6178729404973037,0.6666453820371024,-0.04877244153979876
per_position_ndcg_mean,formaldehyde,per_position_ndcg_mean,total,0.0,0.9216711846360743,0.9217857637776643,-0.00011457914158996552
per_position_ndcg_mean,formaldehyde,per_position_ndcg_mean,epi_ale,1.5,0.926684048809989,0.9217857637776643,0.004898285032324701
per_position_ndcg_mean,formaldehyde,per_position_ndcg_mean,epi_only,0.0,0.9239890212285531,0.9217857637776643,0.0022032574508887848
per_position_ndcg_mean,nearest,per_position_ndcg_mean,total,1.0,0.7449987988951992,0.7990898563105256,-0.05409105741532649
per_position_ndcg_mean,nearest,per_position_ndcg_mean,epi_ale,0.5,0.8423948353639404,0.7990898563105256,0.043304979053414794
per_position_ndcg_mean,nearest,per_position_ndcg_mean,epi_only,0.0,0.769472920059621,0.7990898563105256,-0.02961693625090467
per_position_ndcg_mean,avg_all,per_position_ndcg_mean,total,1.0,0.9177984651814453,0.9659171707845774,-0.04811870560313214
per_position_ndcg_mean,avg_all,per_position_ndcg_mean,epi_ale,0.5,0.9649548328768173,0.9659171707845774,-0.0009623379077601246
per_position_ndcg_mean,avg_all,per_position_ndcg_mean,epi_only,0.0,0.9679466408482164,0.9659171707845774,0.0020294700636389607
per_position_ndcg_mean,distance_weighted,per_position_ndcg_mean,total,1.0,0.9181448719794146,0.9659725491825717,-0.04782767720315706
per_position_ndcg_mean,distance_weighted,per_position_ndcg_mean,epi_ale,0.5,0.9648597544108113,0.9659725491825717,-0.0011127947717604059
per_position_ndcg_mean,distance_weighted,per_position_ndcg_mean,epi_only,0.0,0.9676325214584293,0.9659725491825717,0.0016599722758575686
per_position_ndcg_mean,formaldehyde,per_position_top1_recovery,total,0.0,0.44000000000000006,0.5,-0.05999999999999994
per_position_ndcg_mean,formaldehyde,per_position_top1_recovery,epi_ale,1.5,0.48,0.5,-0.020000000000000018
per_position_ndcg_mean,formaldehyde,per_position_top1_recovery,epi_only,0.0,0.48,0.5,-0.020000000000000018
per_position_ndcg_mean,nearest,per_position_top1_recovery,total,1.0,0.3833333333333333,0.6166666666666667,-0.2333333333333334
per_position_ndcg_mean,nearest,per_position_top1_recovery,epi_ale,0.5,0.3333333333333333,0.6166666666666667,-0.2833333333333334
per_position_ndcg_mean,nearest,per_position_top1_recovery,epi_only,0.0,0.5333333333333333,0.6166666666666667,-0.08333333333333337
per_position_ndcg_mean,avg_all,per_position_top1_recovery,total,1.0,0.6,0.6833333333333335,-0.08333333333333348
per_position_ndcg_mean,avg_all,per_position_top1_recovery,epi_ale,0.5,0.6,0.6833333333333335,-0.08333333333333348
per_position_ndcg_mean,avg_all,per_position_top1_recovery,epi_only,0.0,0.6666666666666666,0.6833333333333335,-0.01666666666666683
per_position_ndcg_mean,distance_weighted,per_position_top1_recovery,total,1.0,0.6,0.6833333333333335,-0.08333333333333348
per_position_ndcg_mean,distance_weighted,per_position_top1_recovery,epi_ale,0.5,0.6333333333333334,0.6833333333333335,-0.050000000000000044
per_position_ndcg_mean,distance_weighted,per_position_top1_recovery,epi_only,0.0,0.6666666666666666,0.6833333333333335,-0.01666666666666683
per_position_ndcg_mean,formaldehyde,per_position_top3_recovery_mean,total,0.0,0.4533333333333333,0.4999999999999999,-0.04666666666666658
per_position_ndcg_mean,formaldehyde,per_position_top3_recovery_mean,epi_ale,1.5,0.4933333333333333,0.4999999999999999,-0.006666666666666599
per_position_ndcg_mean,formaldehyde,per_position_top3_recovery_mean,epi_only,0.0,0.48666666666666664,0.4999999999999999,-0.013333333333333253
per_position_ndcg_mean,nearest,per_position_top3_recovery_mean,total,1.0,0.4055555555555555,0.6499999999999999,-0.2444444444444444
per_position_ndcg_mean,nearest,per_position_top3_recovery_mean,epi_ale,0.5,0.41111111111111115,0.6499999999999999,-0.23888888888888876
per_position_ndcg_mean,nearest,per_position_top3_recovery_mean,epi_only,0.0,0.5166666666666666,0.6499999999999999,-0.1333333333333333
per_position_ndcg_mean,avg_all,per_position_top3_recovery_mean,total,1.0,0.5111111111111111,0.6,-0.0888888888888889
per_position_ndcg_mean,avg_all,per_position_top3_recovery_mean,epi_ale,0.5,0.5388888888888889,0.6,-0.061111111111111116
per_position_ndcg_mean,avg_all,per_position_top3_recovery_mean,epi_only,0.0,0.5777777777777776,0.6,-0.022222222222222365
per_position_ndcg_mean,distance_weighted,per_position_top3_recovery_mean,total,1.0,0.5111111111111111,0.5944444444444444,-0.08333333333333337
per_position_ndcg_mean,distance_weighted,per_position_top3_recovery_mean,epi_ale,0.5,0.5388888888888889,0.5944444444444444,-0.05555555555555558
per_position_ndcg_mean,distance_weighted,per_position_top3_recovery_mean,epi_only,0.0,0.5833333333333333,0.5944444444444444,-0.011111111111111183
per_position_ndcg_mean,formaldehyde,per_position_top5_recovery_mean,total,0.0,0.476,0.524,-0.04800000000000004
per_position_ndcg_mean,formaldehyde,per_position_top5_recovery_mean,epi_ale,1.5,0.4999999999999999,0.524,-0.024000000000000132
per_position_ndcg_mean,formaldehyde,per_position_top5_recovery_mean,epi_only,0.0,0.492,0.524,-0.03200000000000003
per_position_ndcg_mean,nearest,per_position_top5_recovery_mean,total,1.0,0.38999999999999996,0.7133333333333334,-0.3233333333333334
per_position_ndcg_mean,nearest,per_position_top5_recovery_mean,epi_ale,0.5,0.45,0.7133333333333334,-0.26333333333333336
per_position_ndcg_mean,nearest,per_position_top5_recovery_mean,epi_only,0.0,0.5966666666666667,0.7133333333333334,-0.1166666666666667
per_position_ndcg_mean,avg_all,per_position_top5_recovery_mean,total,1.0,0.5133333333333333,0.6133333333333332,-0.09999999999999987
per_position_ndcg_mean,avg_all,per_position_top5_recovery_mean,epi_ale,0.5,0.5733333333333334,0.6133333333333332,-0.039999999999999813
per_position_ndcg_mean,avg_all,per_position_top5_recovery_mean,epi_only,0.0,0.5666666666666665,0.6133333333333332,-0.046666666666666634
per_position_ndcg_mean,distance_weighted,per_position_top5_recovery_mean,total,1.0,0.5099999999999999,0.61,-0.10000000000000009
per_position_ndcg_mean,distance_weighted,per_position_top5_recovery_mean,epi_ale,0.5,0.5633333333333334,0.61,-0.046666666666666634
per_position_ndcg_mean,distance_weighted,per_position_top5_recovery_mean,epi_only,0.0,0.5666666666666665,0.61,-0.043333333333333446
per_position_top3_recovery_mean,formaldehyde,spearman_rho,total,0.0,0.6268856024307884,0.6268784620088229,7.140421965479149e-06
per_position_top3_recovery_mean,formaldehyde,spearman_rho,epi_ale,0.0,0.6264005708231182,0.6268784620088229,-0.00047789118570473743
per_position_top3_recovery_mean,formaldehyde,spearman_rho,epi_only,0.0,0.6247218410998878,0.6268784620088229,-0.002156620908935092
per_position_top3_recovery_mean,nearest,spearman_rho,total,0.0,0.6899621404780284,0.8213062697459093,-0.13134412926788086
per_position_top3_recovery_mean,nearest,spearman_rho,epi_ale,0.0,0.6899742680829911,0.8213062697459093,-0.13133200166291814
per_position_top3_recovery_mean,nearest,spearman_rho,epi_only,0.0,0.6698615197447784,0.8213062697459093,-0.1514447500011309
per_position_top3_recovery_mean,avg_all,spearman_rho,total,1.5,0.7137133947435479,0.7195696213082767,-0.005856226564728839
per_position_top3_recovery_mean,avg_all,spearman_rho,epi_ale,0.0,0.7121279206967476,0.7195696213082767,-0.007441700611529156
per_position_top3_recovery_mean,avg_all,spearman_rho,epi_only,0.0,0.7063306361740184,0.7195696213082767,-0.013238985134258363
per_position_top3_recovery_mean,distance_weighted,spearman_rho,total,1.5,0.7133589918391111,0.7198627979264548,-0.006503806087343689
per_position_top3_recovery_mean,distance_weighted,spearman_rho,epi_ale,0.0,0.7124196780510181,0.7198627979264548,-0.007443119875436666
per_position_top3_recovery_mean,distance_weighted,spearman_rho,epi_only,0.5,0.6255558315430368,0.7198627979264548,-0.09430696638341796
per_position_top3_recovery_mean,formaldehyde,ndcg,total,0.0,0.9059871880312036,0.9059871880312036,0.0
per_position_top3_recovery_mean,formaldehyde,ndcg,epi_ale,0.0,0.9054663932955543,0.9059871880312036,-0.0005207947356492548
per_position_top3_recovery_mean,formaldehyde,ndcg,epi_only,0.0,0.9047625791456724,0.9059871880312036,-0.0012246088855312198
per_position_top3_recovery_mean,nearest,ndcg,total,0.0,0.7806369093070273,0.8063717547222073,-0.025734845415180008
per_position_top3_recovery_mean,nearest,ndcg,epi_ale,0.0,0.7806369093070273,0.8063717547222073,-0.025734845415180008
per_position_top3_recovery_mean,nearest,ndcg,epi_only,0.0,0.7804505145821854,0.8063717547222073,-0.02592124014002195
per_position_top3_recovery_mean,avg_all,ndcg,total,1.5,0.9426501660320442,0.9427119798414071,-6.181380936287617e-05
per_position_top3_recovery_mean,avg_all,ndcg,epi_ale,0.0,0.9426286847288402,0.9427119798414071,-8.329511256688349e-05
per_position_top3_recovery_mean,avg_all,ndcg,epi_only,0.0,0.9288620929446573,0.9427119798414071,-0.013849886896749819
per_position_top3_recovery_mean,distance_weighted,ndcg,total,1.5,0.9428230084922998,0.9425646397228137,0.0002583687694861503
per_position_top3_recovery_mean,distance_weighted,ndcg,epi_ale,0.0,0.9425280777635693,0.9425646397228137,-3.656195924439665e-05
per_position_top3_recovery_mean,distance_weighted,ndcg,epi_only,0.5,0.9142516969097901,0.9425646397228137,-0.028312942813023545
per_position_top3_recovery_mean,formaldehyde,top1_recovery,total,0.0,0.4,0.4,0.0
per_position_top3_recovery_mean,formaldehyde,top1_recovery,epi_ale,0.0,0.4,0.4,0.0
per_position_top3_recovery_mean,formaldehyde,top1_recovery,epi_only,0.0,0.4,0.4,0.0
per_position_top3_recovery_mean,nearest,top1_recovery,total,0.0,0.0,0.0,0.0
per_position_top3_recovery_mean,nearest,top1_recovery,epi_ale,0.0,0.0,0.0,0.0
per_position_top3_recovery_mean,nearest,top1_recovery,epi_only,0.0,0.0,0.0,0.0
per_position_top3_recovery_mean,avg_all,top1_recovery,total,1.5,0.5,0.5,0.0
per_position_top3_recovery_mean,avg_all,top1_recovery,epi_ale,0.0,0.5,0.5,0.0
per_position_top3_recovery_mean,avg_all,top1_recovery,epi_only,0.0,0.5,0.5,0.0
per_position_top3_recovery_mean,distance_weighted,top1_recovery,total,1.5,0.5,0.5,0.0
per_position_top3_recovery_mean,distance_weighted,top1_recovery,epi_ale,0.0,0.5,0.5,0.0
per_position_top3_recovery_mean,distance_weighted,top1_recovery,epi_only,0.5,0.5,0.5,0.0
per_position_top3_recovery_mean,formaldehyde,top3_recovery,total,0.0,0.5333333333333333,0.5333333333333333,0.0
per_position_top3_recovery_mean,formaldehyde,top3_recovery,epi_ale,0.0,0.5333333333333333,0.5333333333333333,0.0
per_position_top3_recovery_mean,formaldehyde,top3_recovery,epi_only,0.0,0.5333333333333333,0.5333333333333333,0.0
per_position_top3_recovery_mean,nearest,top3_recovery,total,0.0,0.27777777777777773,0.38888888888888884,-0.1111111111111111
per_position_top3_recovery_mean,nearest,top3_recovery,epi_ale,0.0,0.27777777777777773,0.38888888888888884,-0.1111111111111111
per_position_top3_recovery_mean,nearest,top3_recovery,epi_only,0.0,0.27777777777777773,0.38888888888888884,-0.1111111111111111
per_position_top3_recovery_mean,avg_all,top3_recovery,total,1.5,0.7777777777777777,0.7777777777777777,0.0
per_position_top3_recovery_mean,avg_all,top3_recovery,epi_ale,0.0,0.7777777777777777,0.7777777777777777,0.0
per_position_top3_recovery_mean,avg_all,top3_recovery,epi_only,0.0,0.7777777777777777,0.7777777777777777,0.0
per_position_top3_recovery_mean,distance_weighted,top3_recovery,total,1.5,0.7777777777777777,0.7777777777777777,0.0
per_position_top3_recovery_mean,distance_weighted,top3_recovery,epi_ale,0.0,0.7777777777777777,0.7777777777777777,0.0
per_position_top3_recovery_mean,distance_weighted,top3_recovery,epi_only,0.5,0.7222222222222222,0.7777777777777777,-0.05555555555555547
per_position_top3_recovery_mean,formaldehyde,top5_recovery,total,0.0,0.52,0.52,0.0
per_position_top3_recovery_mean,formaldehyde,top5_recovery,epi_ale,0.0,0.52,0.52,0.0
per_position_top3_recovery_mean,formaldehyde,top5_recovery,epi_only,0.0,0.52,0.52,0.0
per_position_top3_recovery_mean,nearest,top5_recovery,total,0.0,0.26666666666666666,0.30000000000000004,-0.03333333333333338
per_position_top3_recovery_mean,nearest,top5_recovery,epi_ale,0.0,0.26666666666666666,0.30000000000000004,-0.03333333333333338
per_position_top3_recovery_mean,nearest,top5_recovery,epi_only,0.0,0.26666666666666666,0.30000000000000004,-0.03333333333333338
per_position_top3_recovery_mean,avg_all,top5_recovery,total,1.5,0.6666666666666666,0.6333333333333333,0.033333333333333326
per_position_top3_recovery_mean,avg_all,top5_recovery,epi_ale,0.0,0.6333333333333333,0.6333333333333333,0.0
per_position_top3_recovery_mean,avg_all,top5_recovery,epi_only,0.0,0.5666666666666668,0.6333333333333333,-0.06666666666666654
per_position_top3_recovery_mean,distance_weighted,top5_recovery,total,1.5,0.6666666666666666,0.6333333333333333,0.033333333333333326
per_position_top3_recovery_mean,distance_weighted,top5_recovery,epi_ale,0.0,0.6333333333333333,0.6333333333333333,0.0
per_position_top3_recovery_mean,distance_weighted,top5_recovery,epi_only,0.5,0.5333333333333333,0.6333333333333333,-0.09999999999999998
per_position_top3_recovery_mean,formaldehyde,per_position_spearman_mean,total,0.0,0.5540951483740868,0.5540951483740868,0.0
per_position_top3_recovery_mean,formaldehyde,per_position_spearman_mean,epi_ale,0.0,0.5408777269918348,0.5540951483740868,-0.013217421382252015
per_position_top3_recovery_mean,formaldehyde,per_position_spearman_mean,epi_only,0.0,0.529987267935766,0.5540951483740868,-0.024107880438320795
per_position_top3_recovery_mean,nearest,per_position_spearman_mean,total,0.0,0.655179057505542,0.7455772708173333,-0.09039821331179132
per_position_top3_recovery_mean,nearest,per_position_spearman_mean,epi_ale,0.0,0.655179057505542,0.7455772708173333,-0.09039821331179132
per_position_top3_recovery_mean,nearest,per_position_spearman_mean,epi_only,0.0,0.6271017994356317,0.7455772708173333,-0.11847547138170156
per_position_top3_recovery_mean,avg_all,per_position_spearman_mean,total,1.5,0.6512956186653798,0.6674550547065513,-0.016159436041171538
per_position_top3_recovery_mean,avg_all,per_position_spearman_mean,epi_ale,0.0,0.6292791331169748,0.6674550547065513,-0.0381759215895765
per_position_top3_recovery_mean,avg_all,per_position_spearman_mean,epi_only,0.0,0.5879330009901261,0.6674550547065513,-0.07952205371642518
per_position_top3_recovery_mean,distance_weighted,per_position_spearman_mean,total,1.5,0.6515010870785055,0.6666453820371024,-0.015144294958596927
per_position_top3_recovery_mean,distance_weighted,per_position_spearman_mean,epi_ale,0.0,0.6298793973226595,0.6666453820371024,-0.03676598471444292
per_position_top3_recovery_mean,distance_weighted,per_position_spearman_mean,epi_only,0.5,0.5049464329408848,0.6666453820371024,-0.16169894909621763
per_position_top3_recovery_mean,formaldehyde,per_position_ndcg_mean,total,0.0,0.9217857637776643,0.9217857637776643,0.0
per_position_top3_recovery_mean,formaldehyde,per_position_ndcg_mean,epi_ale,0.0,0.9209609916855893,0.9217857637776643,-0.0008247720920749879
per_position_top3_recovery_mean,formaldehyde,per_position_ndcg_mean,epi_only,0.0,0.9149302392792688,0.9217857637776643,-0.006855524498395549
per_position_top3_recovery_mean,nearest,per_position_ndcg_mean,total,0.0,0.7880837826500845,0.7990898563105256,-0.011006073660441151
per_position_top3_recovery_mean,nearest,per_position_ndcg_mean,epi_ale,0.0,0.7880837826500845,0.7990898563105256,-0.011006073660441151
per_position_top3_recovery_mean,nearest,per_position_ndcg_mean,epi_only,0.0,0.7884321032064068,0.7990898563105256,-0.010657753104118872
per_position_top3_recovery_mean,avg_all,per_position_ndcg_mean,total,1.5,0.9655715358390659,0.9659171707845774,-0.0003456349455115415
per_position_top3_recovery_mean,avg_all,per_position_ndcg_mean,epi_ale,0.0,0.9654095480675452,0.9659171707845774,-0.0005076227170321967
per_position_top3_recovery_mean,avg_all,per_position_ndcg_mean,epi_only,0.0,0.9626496698462472,0.9659171707845774,-0.00326750093833017
per_position_top3_recovery_mean,distance_weighted,per_position_ndcg_mean,total,1.5,0.9655867117510328,0.9659725491825717,-0.0003858374315388602
per_position_top3_recovery_mean,distance_weighted,per_position_ndcg_mean,epi_ale,0.0,0.9650452444273724,0.9659725491825717,-0.0009273047551993097
per_position_top3_recovery_mean,distance_weighted,per_position_ndcg_mean,epi_only,0.5,0.9343889482712829,0.9659725491825717,-0.031583600911288756
per_position_top3_recovery_mean,formaldehyde,per_position_top1_recovery,total,0.0,0.5,0.5,0.0
per_position_top3_recovery_mean,formaldehyde,per_position_top1_recovery,epi_ale,0.0,0.5,0.5,0.0
per_position_top3_recovery_mean,formaldehyde,per_position_top1_recovery,epi_only,0.0,0.4600000000000001,0.5,-0.039999999999999925
per_position_top3_recovery_mean,nearest,per_position_top1_recovery,total,0.0,0.5499999999999999,0.6166666666666667,-0.06666666666666676
per_position_top3_recovery_mean,nearest,per_position_top1_recovery,epi_ale,0.0,0.5499999999999999,0.6166666666666667,-0.06666666666666676
per_position_top3_recovery_mean,nearest,per_position_top1_recovery,epi_only,0.0,0.5499999999999999,0.6166666666666667,-0.06666666666666676
per_position_top3_recovery_mean,avg_all,per_position_top1_recovery,total,1.5,0.6833333333333335,0.6833333333333335,0.0
per_position_top3_recovery_mean,avg_all,per_position_top1_recovery,epi_ale,0.0,0.6833333333333335,0.6833333333333335,0.0
per_position_top3_recovery_mean,avg_all,per_position_top1_recovery,epi_only,0.0,0.6666666666666666,0.6833333333333335,-0.01666666666666683
per_position_top3_recovery_mean,distance_weighted,per_position_top1_recovery,total,1.5,0.6833333333333335,0.6833333333333335,0.0
per_position_top3_recovery_mean,distance_weighted,per_position_top1_recovery,epi_ale,0.0,0.6833333333333335,0.6833333333333335,0.0
per_position_top3_recovery_mean,distance_weighted,per_position_top1_recovery,epi_only,0.5,0.5833333333333334,0.6833333333333335,-0.10000000000000009
per_position_top3_recovery_mean,formaldehyde,per_position_top3_recovery_mean,total,0.0,0.4999999999999999,0.4999999999999999,0.0
per_position_top3_recovery_mean,formaldehyde,per_position_top3_recovery_mean,epi_ale,0.0,0.5066666666666666,0.4999999999999999,0.00666666666666671
per_position_top3_recovery_mean,formaldehyde,per_position_top3_recovery_mean,epi_only,0.0,0.4999999999999999,0.4999999999999999,0.0
per_position_top3_recovery_mean,nearest,per_position_top3_recovery_mean,total,0.0,0.5444444444444443,0.6499999999999999,-0.10555555555555562
per_position_top3_recovery_mean,nearest,per_position_top3_recovery_mean,epi_ale,0.0,0.5444444444444443,0.6499999999999999,-0.10555555555555562
per_position_top3_recovery_mean,nearest,per_position_top3_recovery_mean,epi_only,0.0,0.5388888888888888,0.6499999999999999,-0.11111111111111116
per_position_top3_recovery_mean,avg_all,per_position_top3_recovery_mean,total,1.5,0.6055555555555555,0.6,0.005555555555555536
per_position_top3_recovery_mean,avg_all,per_position_top3_recovery_mean,epi_ale,0.0,0.5944444444444444,0.6,-0.005555555555555536
per_position_top3_recovery_mean,avg_all,per_position_top3_recovery_mean,epi_only,0.0,0.5499999999999999,0.6,-0.050000000000000044
per_position_top3_recovery_mean,distance_weighted,per_position_top3_recovery_mean,total,1.5,0.6055555555555555,0.5944444444444444,0.011111111111111072
per_position_top3_recovery_mean,distance_weighted,per_position_top3_recovery_mean,epi_ale,0.0,0.5944444444444444,0.5944444444444444,0.0
per_position_top3_recovery_mean,distance_weighted,per_position_top3_recovery_mean,epi_only,0.5,0.5055555555555554,0.5944444444444444,-0.08888888888888902
per_position_top3_recovery_mean,formaldehyde,per_position_top5_recovery_mean,total,0.0,0.524,0.524,0.0
per_position_top3_recovery_mean,formaldehyde,per_position_top5_recovery_mean,epi_ale,0.0,0.516,0.524,-0.008000000000000007
per_position_top3_recovery_mean,formaldehyde,per_position_top5_recovery_mean,epi_only,0.0,0.488,0.524,-0.03600000000000003
per_position_top3_recovery_mean,nearest,per_position_top5_recovery_mean,total,0.0,0.6166666666666667,0.7133333333333334,-0.09666666666666668
per_position_top3_recovery_mean,nearest,per_position_top5_recovery_mean,epi_ale,0.0,0.6166666666666667,0.7133333333333334,-0.09666666666666668
per_position_top3_recovery_mean,nearest,per_position_top5_recovery_mean,epi_only,0.0,0.6133333333333333,0.7133333333333334,-0.10000000000000009
per_position_top3_recovery_mean,avg_all,per_position_top5_recovery_mean,total,1.5,0.6133333333333333,0.6133333333333332,1.1102230246251565e-16
per_position_top3_recovery_mean,avg_all,per_position_top5_recovery_mean,epi_ale,0.0,0.59,0.6133333333333332,-0.023333333333333206
per_position_top3_recovery_mean,avg_all,per_position_top5_recovery_mean,epi_only,0.0,0.5599999999999999,0.6133333333333332,-0.05333333333333323
per_position_top3_recovery_mean,distance_weighted,per_position_top5_recovery_mean,total,1.5,0.6133333333333333,0.61,0.0033333333333332993
per_position_top3_recovery_mean,distance_weighted,per_position_top5_recovery_mean,epi_ale,0.0,0.5866666666666667,0.61,-0.023333333333333317
per_position_top3_recovery_mean,distance_weighted,per_position_top5_recovery_mean,epi_only,0.5,0.5066666666666667,0.61,-0.10333333333333328
